employeeid,name,hours,gross,rate,net,stat,pi,ph,sss,tax
10001,Michael,40,373,59680,36637.05,23042.95,11936.0,895.1999999999999,1125.0,9086.75
10001,Michael,40,373,59680,36637.05,23042.95,11936.0,895.1999999999999,1125.0,9086.75
10002,Jose,25,255,25500,17959.1,7540.9,5100.0,382.5,1125.0,933.4000000000001
